Cycle,Genotype,diff,lwr.ci,upr.ci,pval,se,sd,mean,median
Light,KO A,-5.59104028613526,-7.07811661338814,-4.10396395888237,2.4424906541753444e-15,0.37159653984555563,7.050548619296817,19.65729111142117,17.377364438839848
Light,KO B,-0.807472200923566,-2.31388376711896,0.698939365271823,0.39827320369161257,0.5976188573990999,11.339020572291156,24.44085919663286,21.199203187250994
Dark,KO A,-9.1365464360443,-10.6366461088578,-7.63644676323079,4.440892098500626e-16,0.53231627065611,10.099991105039768,29.417391200949297,30.044491525423727
Dark,KO B,-5.43041623759129,-6.93343070898122,-3.92740176620136,2.516505522483688e-15,0.6559999372769103,12.44672368033579,33.12352139940231,35.7921568627451
Light,WT,NA,NA,NA,1,0.39660422022160186,10.642007958945582,25.248331397556427,22.08829568788501
Dark,WT,NA,NA,NA,1,0.32184513743321685,8.636011266341221,38.553937636993595,37.960641399416915
