Df,Sum_Sq,Mean_Sq,F_Value,P_value,Measurement
2,11660.448561296917,5830.224280648458,43.63477865366474,2.2478671772287116e-19,Genotype
2679,357952.3336609253,133.61415963453723,NA,NA,Residuals
