Df,Sum_Sq,Mean_Sq,F_Value,P_value,Measurement
2,23041.606816442287,11520.803408221143,77.76289858243985,1.4857149179991217e-33,Genotype
2679,396901.77312390076,148.1529574930574,NA,NA,Residuals
