Df,Sum_Sq,Mean_Sq,F_Value,P_value,Measurement
2,12719.230965458692,6359.615482729346,65.26391470963466,2.1139427635342983e-28,Genotype
2679,261054.0595677254,97.44459110404084,NA,NA,Residuals
