Df,Sum_Sq,Mean_Sq,F_Value,P_value,Measurement
2,56782489.337838426,28391244.668919213,72.1817064608669,2.933220297261575e-31,Genotype
2679,1053731592.0796409,393330.194878552,NA,NA,Residuals
