Df,Sum_Sq,Mean_Sq,F_Value,P_value,Measurement
2,1480.8913942871118,740.4456971435559,7.610506171331177,5.060030909173762e-4,Genotype
2679,260646.79247223045,97.29256904525212,NA,NA,Residuals
