Genotype,diff,lwr.ci,upr.ci,pval,se,sd,mean,median
nr4a2a KO,-55.72186667077335,-79.44049161259588,-32.00324172895083,7.172352047835062e-7,8.195972433794681,219.92101804415165,534.2229868228404,525.1
nr4a2b KO,-13.465512176248467,-37.3594809771552,10.42845662465827,0.36300348434186247,10.679738920545953,286.56746649949173,576.4793413173653,587.5
WT,NA,NA,NA,1,5.075059054942734,192.5849504817679,589.9448534936138,571.8
