Df,Sum_Sq,Mean_Sq,F_Value,P_value,Measurement
2,1416288.9317640853,708144.4658820427,13.83868763772899,1.0489815151477397e-6,Genotype
2679,137088073.2162635,51171.35991648507,NA,NA,Residuals
