Df,Sum_Sq,Mean_Sq,F_Value,P_value,Measurement
2,75855915.17754278,37927957.58877139,89.69264744679244,1.975512896295466e-38,Genotype
2679,1132857611.7746456,422865.8498598901,NA,NA,Residuals
