Genotype,diff,lwr.ci,upr.ci,pval,se,sd,mean,median
nr4a2a KO,-409.43152750109175,-477.614720468616,-341.2483345335675,-8.881784197001252e-16,22.99305401282118,616.9683813959098,1045.7389458272328,899.1
nr4a2b KO,-158.29697033431262,-226.98421883663002,-89.60972183199522,6.084171022546769e-7,27.7056485730617,743.4205628410322,1296.873502994012,1283.4
WT,NA,NA,NA,1,16.23212782447543,615.9659423560346,1455.1704733283245,1490.3
