Df,Sum_Sq,Mean_Sq,F_Value,P_value,Measurement
2,24293.709581435505,12146.854790717753,90.65575062896939,8.012925970065956e-39,Genotype
2679,358955.98192680045,133.98879504546488,NA,NA,Residuals
